workstation,192.168.25.46
webservercloud,10.2.5.6
name,username
sol,x69solx
luna,x69lunax
workstation,192.168.25.46
webservercloud,10.2.5.6
name,username
sol,x69solx
luna,x69lunax
workstation,192.168.25.46
webservercloud,10.2.5.6
name,username
sol,x69solx
luna,x69lunax
workstation,192.168.25.46
webservercloud,10.2.5.6
name,username
sol,x69solx
luna,x69lunax
workstation,192.168.25.46
webservercloud,10.2.5.6
name,username
sol,x69solx
luna,x69lunax
workstation,192.168.25.46
webservercloud,10.2.5.6
name,username
sol,x69solx
luna,x69lunax
